INSERT INTO IPOS_PERFIL (PERFIL_ID,NOMBRE) VALUES(SEQ_IPOS_PERFIL.NEXTVAL,'ADMINISTRADOR');
INSERT INTO IPOS_PERFIL (PERFIL_ID,NOMBRE) VALUES(SEQ_IPOS_PERFIL.NEXTVAL,'CAJERO');
INSERT INTO IPOS_PERFIL (PERFIL_ID,NOMBRE) VALUES(SEQ_IPOS_PERFIL.NEXTVAL,'DESPACHADOR');
INSERT INTO IPOS_PERFIL (PERFIL_ID,NOMBRE) VALUES(SEQ_IPOS_PERFIL.NEXTVAL,'JEFE_ALMACEN');

INSERT INTO IPOS_FUNCION (FUNCION_ID,NOMBRE) VALUES(SEQ_IPOS_FUNCION.NEXTVAL,'INSUMO_REGISTRAR');
INSERT INTO IPOS_FUNCION (FUNCION_ID,NOMBRE) VALUES(SEQ_IPOS_FUNCION.NEXTVAL,'INSUMO_RECARGAR');
INSERT INTO IPOS_FUNCION (FUNCION_ID,NOMBRE) VALUES(SEQ_IPOS_FUNCION.NEXTVAL,'INSUMO_CONSULTAR');
INSERT INTO IPOS_FUNCION (FUNCION_ID,NOMBRE) VALUES(SEQ_IPOS_FUNCION.NEXTVAL,'INSUMO_CONSUMOS');
INSERT INTO IPOS_FUNCION (FUNCION_ID,NOMBRE) VALUES(SEQ_IPOS_FUNCION.NEXTVAL,'INSUMO_LIMITES');
INSERT INTO IPOS_FUNCION (FUNCION_ID,NOMBRE) VALUES(SEQ_IPOS_FUNCION.NEXTVAL,'ALERTA_INVENTARIO');
INSERT INTO IPOS_FUNCION (FUNCION_ID,NOMBRE) VALUES(SEQ_IPOS_FUNCION.NEXTVAL,'RECETAS_CREACION');
INSERT INTO IPOS_FUNCION (FUNCION_ID,NOMBRE) VALUES(SEQ_IPOS_FUNCION.NEXTVAL,'RECETAS_CONSULTAS');
INSERT INTO IPOS_FUNCION (FUNCION_ID,NOMBRE) VALUES(SEQ_IPOS_FUNCION.NEXTVAL,'RECETAS_CONSUMOS');
INSERT INTO IPOS_FUNCION (FUNCION_ID,NOMBRE) VALUES(SEQ_IPOS_FUNCION.NEXTVAL,'PEDIDOS_REGISTRO');
INSERT INTO IPOS_FUNCION (FUNCION_ID,NOMBRE) VALUES(SEQ_IPOS_FUNCION.NEXTVAL,'PEDIDOS_CONSULTA_COLA');
INSERT INTO IPOS_FUNCION (FUNCION_ID,NOMBRE) VALUES(SEQ_IPOS_FUNCION.NEXTVAL,'PEDIDOS_CONSULTAR');

INSERT INTO IPOS_USUARIO (USUARIO_ID,NOMBRE,PASS_USU,PERFIL_ID) VALUES (SEQ_IPOS_USUARIO.NEXTVAL,'ADMIN','1234',(SELECT PERFIL_ID FROM IPOS_PERFIL WHERE NOMBRE = 'ADMINISTRADOR'));
INSERT INTO IPOS_USUARIO (USUARIO_ID,NOMBRE,PASS_USU,PERFIL_ID) VALUES (SEQ_IPOS_USUARIO.NEXTVAL,'CAJERO','1234',(SELECT PERFIL_ID FROM IPOS_PERFIL WHERE NOMBRE = 'CAJERO'));
INSERT INTO IPOS_USUARIO (USUARIO_ID,NOMBRE,PASS_USU,PERFIL_ID) VALUES (SEQ_IPOS_USUARIO.NEXTVAL,'DESPACHADOR','1234',(SELECT PERFIL_ID FROM IPOS_PERFIL WHERE NOMBRE = 'DESPACHADOR'));
INSERT INTO IPOS_USUARIO (USUARIO_ID,NOMBRE,PASS_USU,PERFIL_ID) VALUES (SEQ_IPOS_USUARIO.NEXTVAL,'JEFE_ALMACEN','1234',(SELECT PERFIL_ID FROM IPOS_PERFIL WHERE NOMBRE = 'JEFE_ALMACEN'));

INSERT INTO IPOS_UNIDAD_MEDIDA (UNIDAD_MEDIDA_ID,COD_UNIDAD_MEDIDA,NOMBRE,SIMBOLO,PERMITE_DECIMALES) VALUES (SEQ_IPOS_UNIDAD_MEDIDA.NEXTVAL,'g','Gramos','g',1);
INSERT INTO IPOS_UNIDAD_MEDIDA (UNIDAD_MEDIDA_ID,COD_UNIDAD_MEDIDA,NOMBRE,SIMBOLO,PERMITE_DECIMALES) VALUES (SEQ_IPOS_UNIDAD_MEDIDA.NEXTVAL,'l','litros','l',1);

Insert into IPOS_INSUMO (INSUMO_ID,NOMBRE,CANTIDAD,DESCRIPCION,NIVEL_MINIMO,NIVEL_OPTIMO,UNIDAD_MEDIDA_ID) values ('1','INSUMO 1','100','PRUEBA','100','200','1');
Insert into IPOS_INSUMO (INSUMO_ID,NOMBRE,CANTIDAD,DESCRIPCION,NIVEL_MINIMO,NIVEL_OPTIMO,UNIDAD_MEDIDA_ID) values ('2','INSUMO 2','100','PRUEBA','100','200','2');

Insert into IPOS_INSUMO_CONSUMO (INSUMO_CONSUMO_ID,CANTIDAD_CONSUMIDA,FECHA_CONSUMO,INSUMO_ID) values ('1','50',to_date('08/11/15','DD/MM/RR'),'1');
Insert into IPOS_INSUMO_CONSUMO (INSUMO_CONSUMO_ID,CANTIDAD_CONSUMIDA,FECHA_CONSUMO,INSUMO_ID) values ('2','30',to_date('08/11/15','DD/MM/RR'),'2');

Insert into IPOS_RECETA (RECETA_ID,NOMBRE_RECETA,DESCRIPCION_RECETA) values ('1','RECETA 1','PPRUEBA');
Insert into IPOS_RECETA (RECETA_ID,NOMBRE_RECETA,DESCRIPCION_RECETA) values ('2','RRECETA 2','PPRUEBA');

Insert into IPOS_INGREDIENTE (INGREDIENTE_ID,CANTIDAD_INGREDIENTE,INSUMO_ID,RECETA_ID) values ('1','30','1','1');
Insert into IPOS_INGREDIENTE (INGREDIENTE_ID,CANTIDAD_INGREDIENTE,INSUMO_ID,RECETA_ID) values ('2','30','2','1');
Insert into IPOS_INGREDIENTE (INGREDIENTE_ID,CANTIDAD_INGREDIENTE,INSUMO_ID,RECETA_ID) values ('3','20','1','2');
Insert into IPOS_INGREDIENTE (INGREDIENTE_ID,CANTIDAD_INGREDIENTE,INSUMO_ID,RECETA_ID) values ('4','20','2','2');

Insert into IPOS_PEDIDO (PEDIDO_ID,FECHA_PEDIDO) values ('1',to_date('08/11/15','DD/MM/RR'));
Insert into IPOS_PEDIDO (PEDIDO_ID,FECHA_PEDIDO) values ('2',to_date('08/11/15','DD/MM/RR'));

Insert into IPOS_DETALLE_PEDIDO (DETALLE_PEDIDO_ID,CANTIDAD_DETALLE,PEDIDO_ID,RECETA_ID) values ('1','1','1','1');
Insert into IPOS_DETALLE_PEDIDO (DETALLE_PEDIDO_ID,CANTIDAD_DETALLE,PEDIDO_ID,RECETA_ID) values ('2','2','2','2');
Insert into IPOS_DETALLE_PEDIDO (DETALLE_PEDIDO_ID,CANTIDAD_DETALLE,PEDIDO_ID,RECETA_ID) values ('3','1','2','1');

COMMIT;